Title,Rating,Votes,Duration,Genre
Mufasa: The Lion King,6.6,64000,118,adventure
Twisters,6.5,169000,122,adventure
Gladiator II,6.5,231000,148,adventure
Moana 2,6.6,102000,100,adventure
Flow,7.9,75000,85,adventure
Sonic the Hedgehog 3,6.9,60000,110,adventure
Kraven the Hunter,5.5,55000,127,adventure
Deadpool & Wolverine,7.6,493000,128,adventure
Paddington in Peru,6.7,21000,106,adventure
Dune: Part Two,8.5,625000,166,adventure
Venom: The Last Dance,6.0,118000,110,adventure
The Count of Monte-Cristo,7.6,35000,178,adventure
Freaky Tales,6.7,2000,107,adventure
Furiosa: A Mad Max Saga,7.5,285000,148,adventure
Transformers One,7.6,51000,104,adventure
Borderlands,4.7,48000,101,adventure
The Return,6.2,8700,116,adventure
Despicable Me 4,6.2,66000,94,adventure
The Day the Earth Blew Up: A Looney Tunes Movie,7.0,4300,91,adventure
Madame Web,4.0,101000,116,adventure
Inside Out 2,7.5,217000,96,adventure
The Lord of the Rings: The War of the Rohirrim,6.3,31000,134,adventure
Bad Boys: Ride or Die,6.5,100000,115,adventure
Red One,6.3,140000,123,adventure
Solo Leveling: ReAwakening,8.8,12000,121,adventure
Love Lies Bleeding,6.6,57000,104,adventure
Damsel,6.1,110000,110,adventure
Godzilla x Kong: The New Empire,6.0,122000,115,adventure
Ghostbusters: Frozen Empire,6.1,94000,115,adventure
Kingdom of the Planet of the Apes,6.9,152000,145,adventure
Spaceman,5.7,43000,107,adventure
Kung Fu Panda 4,6.3,68000,94,adventure
Survive,4.5,2600,90,adventure
Uglies,4.7,33000,100,adventure
The Garfield Movie,5.7,24000,101,adventure
My Penguin Friend,6.7,5200,97,adventure
Harold and the Purple Crayon,5.7,8400,90,adventure
Attack on Titan the Movie: The Last Attack,9.2,16000,145,adventure
Atlas,5.6,56000,118,adventure
Descendants: The Rise of Red,4.7,7100,91,adventure
Monster Summer,5.7,3700,97,adventure
Wallace & Gromit: Vengeance Most Fowl,7.5,35000,82,adventure
Kalki 2898 AD,7.0,67000,180,adventure
Spellbound,5.5,7400,109,adventure
Arthur the King,7.0,34000,107,adventure
Night of the Zoopocalypse,6.0,683,91,adventure
Rebel Moon - Part Two: The Scargiver,5.3,59000,122,adventure
Hitpig,5.1,952,86,adventure
Thelma the Unicorn,5.7,3000,93,adventure
Family Pack,5.5,9100,94,adventure
The Best Christmas Pageant Ever,6.8,6100,99,adventure
No Way Up,4.6,11000,90,adventure
Buffalo Kids,6.6,698,93,adventure
Megamind vs. The Doom Syndicate,2.5,5600,83,adventure
The Unholy Trinity,7.9,55,93,adventure
Orion and the Dark,6.3,17000,93,adventure
Bookworm,6.0,1900,103,adventure
Lost on a Mountain in Maine,6.1,1200,98,adventure
The Goat Life,7.1,47000,173,adventure
Winner,6.5,2500,103,adventure
The Courier,6.0,4400,101,adventure
Sasquatch Sunset,5.4,5400,88,adventure
Hanu Man,7.7,29000,158,adventure
Justice League: Crisis on Infinite Earths - Part One,6.2,8500,93,adventure
River of Blood,5.2,1800,86,adventure
"I, the Executioner",6.4,1800,118,adventure
Justice League: Crisis on Infinite Earths - Part Three,6.1,4500,94,adventure
Badland Hunters,5.9,12000,107,adventure
The Last of Us: Immunity,5.0,20,64,adventure
My Hero Academia: You're Next,7.0,2200,110,adventure
That Christmas,6.8,17000,91,adventure
Raqa,5.5,223,107,adventure
Ultraman: Rising,6.9,6400,117,adventure
Demon Slayer: Kimetsu No Yaiba - To the Hashira Training,7.1,8500,104,adventure
The Price of Money: A Largo Winch Adventure,5.0,1200,100,adventure
Manjummel Boys,8.2,27000,135,adventure
Something in the Water,4.1,4700,86,adventure
Woody Woodpecker Goes to Camp,4.5,2600,100,adventure
No Chains No Masters,6.4,559,98,adventure
The Wages of Fear,4.6,4100,104,adventure
Saving Bikini Bottom: The Sandy Cheeks Movie,3.7,3900,82,adventure
The Empire,5.2,1200,110,adventure
Anaconda,4.9,637,84,adventure
Doraemon the Movie: Nobita's Earth Symphony,6.6,1500,115,adventure
Cult Killer,4.8,2800,105,adventure
Chuck Billy and the Marvelous Guava Tree,7.4,1000,90,adventure
Dragonkeeper,5.7,1700,98,adventure
Justice League: Crisis on Infinite Earths - Part Two,5.5,5400,94,adventure
Eat the Night,6.1,487,106,adventure
200% Wolf,5.9,1300,98,adventure
Angels Fallen: Warriors of Peace,4.9,5800,103,adventure
Sixty Minutes,5.7,5200,88,adventure
Saint-Exupéry,5.4,336,98,adventure
The Twisters,2.5,341,86,adventure
Escape,6.4,2000,94,adventure
The Tiger's Apprentice,5.7,2200,84,adventure
Golden Kamuy,6.3,2600,127,adventure
Overlord: The Sacred Kingdom,6.9,1000,135,adventure
Bambi: A Tale of Life in the Woods,5.7,178,78,adventure
Operation Blood Hunt,3.4,489,93,adventure
Panda Bear in Africa,5.5,349,84,adventure
Autumn and the Black Jaguar,5.6,1000,100,adventure
Bade Miyan Chote Miyan,3.7,39000,163,adventure
Gaami,6.4,2000,147,adventure
Crayon Shin-chan: Ora's Dinosaur Diary,6.5,363,106,adventure
Kanguva,4.5,15000,152,adventure
Unspeakable: Beyond the Wall of Sleep,6.1,55,90,adventure
A.R.M,7.1,8700,150,adventure
A Sloth Story,5.6,207,90,adventure
Mountain Boy,8.4,26,93,adventure
Rebellious,6.0,196,94,adventure
Devil's Knight,5.2,902,90,adventure
A Legend,4.7,914,129,adventure
The Last Redemption,6.5,3700,122,adventure
The Firing Squad,5.1,5000,93,adventure
Man and Witch: The Dance of a Thousand Steps,5.5,333,94,adventure
Elli and the Ghostly Ghost Train,5.1,101,86,adventure
WWII: Operation Phoenix,6.2,80,106,adventure
War of the Worlds: Extinction,3.0,208,84,adventure
Lumina,2.1,674,113,adventure
Thangalaan,6.6,6600,156,adventure
Cells at Work!,6.7,256,109,adventure
Noah's Ark,4.3,663,96,adventure
Dongeng Sang Kancil,6.7,177,99,adventure
Planetquake,3.0,308,85,adventure
Meanwhile on Earth,6.0,917,89,adventure
Bionic,4.3,1700,110,adventure
Escape from the 21st Century,6.5,891,98,adventure
Robin and the Hoods,4.3,512,100,adventure
Gracie and Pedro: Pets to the Rescue,5.1,276,87,adventure
This Too Shall Pass,8.9,14,105,adventure
School of Magical Animals 3,5.8,315,105,adventure
All for One,1.4,662,97,adventure
Return to Wickensburg,5.0,30,88,adventure
Roadkill,3.7,687,90,adventure
Big City Greens the Movie: Spacecation,6.2,545,83,adventure
Pimpinero: Blood and Oil,5.6,552,121,adventure
The Keepers of the 5 Kingdoms,4.0,220,109,adventure
The Last Ronin,4.9,577,115,adventure
The Mountain,6.6,158,89,adventure
Warrior Awang and Master Tok Gajah,4.6,476,118,adventure
The Goat,5.7,193,91,adventure
No Time to Spy: A Loud House Movie,6.4,450,81,adventure
Kvitebjørn,5.9,62,85,adventure
I Heart Robots,4.5,2400,76,adventure
Dalia y el Libro Rojo,6.5,95,107,adventure
Gladiators,4.8,67,95,adventure
Spiders on a Plane,5.1,374,78,adventure
Barroz: Guardian of Treasures,3.5,1000,155,adventure
Rally Caps,5.5,140,100,adventure
Never Look Away,7.2,265,85,adventure
One Million Babes BC,2.1,86,75,adventure
Oscar Wilde About America,4.4,30,98,adventure
Beyond existence,4.2,22,95,adventure
My Freaky Family,6.3,407,86,adventure
My Oni Girl,6.0,1800,112,adventure
"Maya, donne-moi un titre",6.4,54,61,adventure
The Kingdom,7.7,93,133,adventure
Marianengraben,7.4,84,87,adventure
Going Viral,6.9,53,90,adventure
Ayalaan,6.0,4000,155,adventure
Mobile Suit Gundam SEED Freedom,6.6,954,124,adventure
Diplodocus,6.3,179,90,adventure
The Phantom Warrior,2.4,555,119,adventure
Guest from the Future,6.0,1200,141,adventure
Seven Seas Seven Hills,8.7,90,90,adventure
Si Juki the Movie: Harta Pulau Monyet,6.0,121,107,adventure
Odio el verano,5.1,589,103,adventure
Storm Crashers,6.2,565,88,adventure
Road Wars: Max Fury,2.0,350,83,adventure
Five Friends,6.7,914,112,adventure
The Casagrandes Movie,5.6,667,89,adventure
A Trip Elsewhere,5.5,104,93,adventure
Earthquake Underground,3.3,197,83,adventure
Rocky Road to Berlin,7.2,1400,104,adventure
STEVE (A Minecraft Movie),6.9,12,61,adventure
Dünya Varmis,7.2,54,100,adventure
Fox & Hare Save the Forest,5.9,204,71,adventure
Treasure Trackers,5.8,163,92,adventure
Ahl Al Kahf,5.3,266,120,adventure
Kalvan,5.6,985,142,adventure
Bureau 749,4.0,536,123,adventure
Luigi's Mansion,6.0,17,60,adventure
The Traveller,5.2,208,134,adventure
Oculus,6.0,15,113,adventure
Shrek 5: The Contract - A Fan Made Film,7.0,19,84,adventure
My Fathers' Daughter,6.7,74,78,adventure
The Lost Tiger,7.9,45,90,adventure
The Epidemic,5.8,71,95,adventure
Amazon Bullseye,5.3,204,113,adventure
Buddy,3.8,346,137,adventure
Die Chaosschwestern und Pinguin Paul,5.7,68,100,adventure
Memes & Nightmares,5.7,86,81,adventure
Nintama Rantaro Dokutake Ninja-tai Saikyou no Gunshi,7.1,22,90,adventure
Captain Miller,6.5,8600,157,adventure
Bremenskie muzykanty,4.7,673,115,adventure
Sunlight,7.9,17,96,adventure
Empire Queen: The Golden Age of Magic,3.2,204,148,adventure
Taklee Genesis x Worlds Collide,5.4,413,146,adventure
The Trail,7.8,37,80,adventure
Shanghai Story,8.2,58,71,adventure
Game On,2.6,354,85,adventure
Spirit Riser,6.7,33,98,adventure
The Backrooms,6.8,9,63,adventure
Kodaikanal,9.2,69,173,adventure
Sam and Colby: The Legends of the Paranormal,4.8,307,98,adventure
At Her Feet,7.4,43,100,adventure
Vertical,5.2,134,111,adventure
Daye: Seret ahl el Daye,7.9,17,104,adventure
Un lío de millones,6.0,50,91,adventure
Its Name Was Mormo,3.7,115,93,adventure
Bull Shark 3,3.5,85,76,adventure
The Big Trip 3: Race Around the World,5.6,59,85,adventure
Zak & Wowo: The Legend of Lendarys,5.7,98,85,adventure
Jathara,7.8,1100,129,adventure
Formed Police Unit,4.6,479,120,adventure
Tokusou Sentai Dekaranger 20th: Fireball Booster,7.0,33,50,adventure
Transformers Prime: Galavatron's Revenge,3.5,11,104,adventure
Niko: Beyond the Northern Lights,6.2,335,86,adventure
Stinky Summer,5.6,51,90,adventure
The Forest,6.3,49,77,adventure
Powder Pup,6.2,76,89,adventure
Dragon Ball Z Kai,8.5,73,82,adventure
This Land of Mine,5.7,11,90,adventure
Friendly Fire,5.5,39,105,adventure
Trifole,7.5,52,100,adventure
The Adventures of Jurassic Pet: Return to the Wild,5.4,65,90,adventure
Jurassic Triangle,2.5,282,84,adventure
Kaizen,7.3,653,160,adventure
Little Emma,5.9,114,106,adventure
Dead Dead Demon's Dededede Destruction,7.0,145,120,adventure
Dreams,7.6,8,106,adventure
My Redneck Neighbor: Chapter 1 - The Rednecks Are Coming,5.7,9,74,adventure
Askepote,3.5,83,72,adventure
Lo carga el diablo,7.3,24,103,adventure
Captain Avispa,5.8,178,96,adventure
Yolki 11,4.7,170,92,adventure
Death Game,6.3,24,88,adventure
Diving Into the Darkness,9.1,84,96,adventure
The Star City Murders,4.2,143,79,adventure
Next to Us,4.8,225,125,adventure
Birds Flying East,5.8,567,100,adventure
Mong Vuot,5.2,125,96,adventure
Satu - Year of the Rabbit,9.1,56,93,adventure
Shadows of Betrayal: Chronicles of Ian Blair,7.3,12,65,adventure
Teenz,4.4,864,122,adventure
LasseMajas detektivbyrå - Maskoten som försvann,6.0,60,90,adventure
Ghost Island,7.3,47,95,adventure
Tulang Belulang Tulang,7.0,47,95,adventure
Fuuto PI: Portrait of Kamen Rider Skull,7.5,43,82,adventure
Z-Mom,4.9,45,90,adventure
The Slave and the Sorcerer,6.7,40,86,adventure
Håkan Bråkan 2,5.4,135,92,adventure
Dünya Mali: Eksi Bir,7.2,17,133,adventure
Stranded Pearl,6.0,27,90,adventure
Gepack,6.6,360,97,adventure
Witch Hunter,5.3,24,80,adventure
Letuchiy korabl,3.8,298,100,adventure
Permafrost,5.7,115,80,adventure
The Umbrella Fairy,5.5,54,95,adventure
Tri kota. Zimnie kanikuly,6.5,31,65,adventure
Major Grom: The Game,6.1,1900,168,adventure
Turma da Mônica Jovem: Reflexos do Medo,2.8,258,88,adventure
Arctic Hollow,2.3,181,70,adventure
Wonderful Precure! The Movie! Doki Doki Game no Sekai de Daiboken,7.0,35,71,adventure
Masha i Medved v kino: Park chudes,7.6,17,58,adventure
Dikkie Dik 2: Een Nieuwe Vriend voor Dikkie Dik,7.4,72,70,adventure
Historia de pastores,5.5,34,80,adventure
The Worlds Divide,8.1,39,120,adventure
Benjamin Bat,7.9,30,75,adventure
Baba Yaga spasaet Novyy god,4.4,116,99,adventure
Yaren Leylek,5.9,28,95,adventure
The Yoshi Movie,7.7,12,105,adventure
Cazatesoros,6.4,28,106,adventure
Hain,2.9,45,95,adventure
Güzel Bir Rüya,4.7,44,79,adventure
BAM!,6.9,29,80,adventure
Naa Saami Ranga,4.5,1200,150,adventure
Tri bogatyrya. Ni dnya bez podviga,5.7,70,61,adventure
Igrisca ne damo!,7.0,27,79,adventure
Tay 2: Ebabil Takimi,5.2,38,78,adventure
Rocky and Bullwinkle,9.2,13,100,adventure
Xibalba Monster,6.5,29,76,adventure
Vikaasaparva,8.7,541,134,adventure
Six Nine Five (695),7.1,705,137,adventure
Dead Dead Demon's Dededede Destruction Zenpen,7.1,140,120,adventure
Dikkie Dik en de Verdwenen Knuffel,7.3,130,62,adventure
Tipppsy,8.2,33,115,adventure
Abudeka Is Back,5.3,35,120,adventure
Ognivo,5.5,227,105,adventure
Chernyy zamok,7.9,19,115,adventure
"Silex and the City, le film",4.9,50,77,adventure
Appu,8.6,182,92,adventure
Nature Cat's Nature Movie Special Extraordinaire,7.3,19,53,adventure
The Secret of Pin-Up Island,7.4,92,107,adventure
Moy dikiy drug,6.5,58,100,adventure
Two Breaths,8.2,29,18,adventure
Nothing Unusual,8.9,13,92,adventure
Mobile Suit Gundam: Silver Phantom,6.1,13,90,adventure
Oyunda Kal: Eglence Arenasi,2.6,36,92,adventure
Pui Pui Molcar the Movie: Molmax,7.0,9,69,adventure
Surge of Power: Where There's Smoke,6.5,13,68,adventure
The Eye of the Salamander,7.9,20,81,adventure
Bratya,2.8,122,103,adventure
Goodbye Hamdi,6.2,10,85,adventure
Cândido,6.3,61,99,adventure
Chhota Bheem and the Curse of Damyaan,4.8,2300,145,adventure
Fights Break Sphere 3,4.7,8,81,adventure
Wilhelm Gustloff,8.7,8,110,adventure
Mama,8.5,7,100,adventure
Joachim and the Apocalypse,7.2,13,90,adventure
Triple 7: They Said It Couldn't Be Done,8.5,14,97,adventure
Adam i Eva,5.1,94,95,adventure
Steal the Naughty List,6.4,120,90,adventure
The Last Five Days: The Freak Building,3.8,58,61,adventure
Samaya bolshaya luna,2.4,128,105,adventure
Poklad,4.5,42,100,adventure
Petualangan Anak Penangkap Hantu,6.0,25,99,adventure
Operation Wakaliga: Fate and Blood,6.7,11,66,adventure
Manyunya. Priklyucheniya v derevne,5.8,121,84,adventure
Zoloto Umalty,4.9,109,109,adventure
Jaunt,8.4,7,78,adventure
Hope & Glory,6.6,145,44,adventure
Vasilisa i khraniteli vremeni,3.1,69,98,adventure
Kiyma: Orman Kanunlari,4.5,36,81,adventure
Suchana,8.8,511,90,adventure
Antarctic Voyage,6.8,6,48,adventure
The Dragon's Tomb,6.8,52,77,adventure
Manyunya. Priklyucheniya v Moskve,5.8,111,87,adventure
Mortadella,8.4,7,90,adventure
Anytime,8.9,20,62,adventure
The Very Last Christmas,8.5,12,75,adventure
Piraty galaktiki Barrakuda,4.5,82,92,adventure
Troy the Bharat Putra,5.5,31,134,adventure
Longe da Estrada,6.0,9,68,adventure
"Fallen Leaves, Broken Lighters",7.7,7,96,adventure
De Legende van Familie Vos,5.7,59,81,adventure
Suvorovets 1944,5.1,9,90,adventure
V potoke trekh stikhiy,5.2,42,85,adventure
Mai Martaba,4.9,10,86,adventure
Wonderland,6.8,12,120,adventure
Advent,7.5,6,119,adventure
Heavens: The Boy and His Robot,6.3,22,98,adventure
Príncipe Lu e a Lenda do Dragão,4.1,28,90,adventure
Yasmeen's Element,7.6,20,76,adventure
Kade,6.7,16,92,adventure
Novogodniy ekspress,9.2,6,47,adventure
Tur s Ivanushkami,5.3,159,111,adventure
The Ballad of Straw Hat Sam,9.2,10,45,adventure
Bar MoskvaChiki,5.2,102,91,adventure
The Bigfoot Prophecy,4.8,23,117,adventure
LUDA,7.2,6,86,adventure
Tayna Chyornoy Ruki,5.7,23,84,adventure
Novyy god v Beryozovke,7.1,99,94,adventure
Tracing the Divide,8.8,170,84,adventure
Abar Arownne Din Ratri,8.0,8,111,adventure
Dracu Ra,5.5,38,106,adventure
Il ricercatore,5.8,7,71,adventure
A Christmas Carol,9.8,11,39,adventure
Applepictures the Poseidon Legacy,6.4,19,84,adventure
No More Trouble - Cosa rimane di una tempesta,8.5,19,97,adventure
StarGazer: The Need of the Many,5.0,9,47,adventure
Chyortov kamen,4.8,16,105,adventure
Dandelion,8.9,9,95,adventure
Kyle and the Last Emerald 2,8.4,8,15,adventure
"Poymay sobaku, esli smozhesh",3.5,36,96,adventure
Moy lyubimyy chempion,2.4,418,95,adventure
Frankenstein Theater: The Magic Sword,4.4,23,82,adventure
Colour Palette,9.2,34,87,adventure
Lajjpal,9.0,8,252,adventure
The Blinkless,7.8,12,59,adventure
YA - medved,5.0,61,97,adventure
Mesken (Messuage),7.5,38,102,adventure
Isle: Alpha One,8.4,7,97,adventure
Mukhadrakon,5.3,18,109,adventure
Skazochnyy patrul. Shou prodolzhayetsya,7.2,11,65,adventure
PW V: Tears of the Fallen,8.2,11,60,adventure
Pirates & Slaves,5.8,6,53,adventure
Turbozavry. God drakona,9.2,43,48,adventure
Ngesot,4.8,18,87,adventure
Sehnsucht nach Firdaws,8.5,6,103,adventure
Let's Go! Anpanman: Baikinman and Lulun,6.5,7,64,adventure
Selebryata,3.8,20,93,adventure
Banana Boat,5.7,20,78,adventure
Boom!,8.3,11,90,adventure
Luccas e Gi em: Dinossauros,3.5,27,91,adventure
Whites Only: Ade's Extremist Adventure,7.0,27,65,adventure
I'm Professional,3.7,8,95,adventure
Gostya iz kosmosa,8.5,6,70,adventure
Okhota na russkogo geniya,5.3,11,71,adventure
Piri Reis: The Incredible Chart,6.9,22,138,adventure
Beyaz Zenciler: Yapim Asamasi,8.6,5,55,adventure
The Kingfish 2,7.9,10,72,adventure
A Complete Unknown,7.4,76000,141,biography
I'm Still Here,8.3,105000,137,biography
The Apprentice,7.1,55000,122,biography
Queer,6.4,21000,137,biography
Better Man,7.6,27000,135,biography
Saturday Night,6.9,30000,109,biography
Queen of the Ring,6.9,949,140,biography
Maria,6.4,19000,124,biography
William Tell,5.7,2500,133,biography
One to One: John & Yoko,7.3,329,101,biography
Nr. 24,7.5,15000,111,biography
Bob Marley: One Love,6.2,35000,107,biography
Back to Black,6.3,27000,122,biography
Ordinary Angels,7.4,16000,118,biography
Unfrosted,5.5,35000,97,biography
Reagan,6.1,11000,141,biography
Bonhoeffer: Pastor. Spy. Assassin.,6.2,3600,133,biography
Joy,7.1,9400,115,biography
Young Woman and the Sea,7.5,17000,129,biography
Cabrini,7.3,8800,142,biography
Amaran,8.1,19000,167,biography
Midas Man,6.4,1600,112,biography
The Fire Inside,6.7,2600,109,biography
Piece by Piece,6.9,5500,93,biography
Scoop,6.5,20000,102,biography
Rob Peace,6.5,2100,120,biography
Faith of Angels,5.8,233,98,biography
Harbin,6.3,678,108,biography
Goebbels and the Führer,6.7,2200,135,biography
The Remarkable Life of Ibelin,8.2,12000,103,biography
Monsieur Aznavour,7.3,2400,133,biography
Winner,6.5,2500,103,biography
Being Maria,6.1,613,100,biography
Audrey's Children,7.0,380,110,biography
Inexplicável,7.2,177,116,biography
Super/Man: The Christopher Reeve Story,8.0,9100,104,biography
Maharaj,6.5,15000,131,biography
Oxana,6.5,51,103,biography
Stelios,7.3,1400,132,biography
Fanon,6.8,103,132,biography
Niki,6.0,367,98,biography
Limonov: The Ballad of Eddie,6.0,807,138,biography
Race for Glory: Audi vs. Lancia,5.8,4700,109,biography
"From Hilde, with Love",7.0,935,125,biography
Saint-Exupéry,5.4,336,98,biography
El 47,7.2,3400,110,biography
Chhava,8.5,2200,51,biography
Riefenstahl,7.2,518,115,biography
Boléro,6.6,790,120,biography
Srikanth,7.4,14000,134,biography
Avicii - I'm Tim,7.7,7000,95,biography
Freedom,5.9,1400,110,biography
Shirley,6.2,3300,117,biography
"Sarah Bernhardt, la divine",5.9,214,98,biography
Prodigieuses,6.6,172,101,biography
Blue Road: The Edna O'Brien Story,8.2,64,99,biography
Quisling: The Final Days,7.1,1100,146,biography
Chandu Champion,7.8,34000,142,biography
Drazen,6.6,1300,100,biography
Pavements,7.1,168,128,biography
Music by John Williams,8.2,4800,105,biography
The Firing Squad,5.1,5000,93,biography
Liza: A Truly Terrific Absolutely True Story,7.8,250,104,biography
Bogart: Life Comes in Flashes,6.8,427,99,biography
Maidaan,7.9,23000,181,biography
Biggest Heist Ever,6.1,1500,85,biography
Jim Henson: Idea Man,7.7,3900,111,biography
The Bibi Files,7.5,1100,115,biography
Ravens,8.0,80,117,biography
I Am Nevenka,7.1,1100,112,biography
The Ballad of Davy Crockett,4.6,248,96,biography
Atatürk II: 1881-1919,8.9,2100,141,biography
Janis Ian: Breaking Silence,8.1,58,114,biography
Luther: Never Too Much,8.1,848,101,biography
Amar Singh Chamkila,7.8,16000,145,biography
Ol' Dirty Bastard: A Tale of Two Dirtys,6.7,204,86,biography
Elton John: Never Too Late,6.5,2000,102,biography
Swatantrya Veer Savarkar,7.7,18000,176,biography
Havnaa,7.2,246,110,biography
"Disco, Ibiza, Locomia",6.0,1500,104,biography
Miyazaki: L'Esprit de la Nature,7.1,217,84,biography
Miséria,5.3,101,99,biography
The Great Ambition,7.2,721,123,biography
The Beach Boys,7.1,2100,113,biography
I Am: Celine Dion,7.7,7900,103,biography
Road Diary: Bruce Springsteen and the E Street Band,7.7,995,99,biography
Becoming Madonna,6.9,224,91,biography
Federer: Twelve Final Days,7.3,4100,88,biography
The Shamrock Spitfire,5.2,482,108,biography
Beautiful Rebel,6.3,1000,112,biography
John Cranko,7.1,188,133,biography
La Grande,9.0,40,95,biography
Papa,7.5,327,131,biography
Faye,7.1,3100,91,biography
The World According to Allee Willis,7.7,73,97,biography
Never Look Away,7.2,265,85,biography
Münter & Kandinsky,6.5,97,126,biography
Oscar Wilde About America,4.4,30,98,biography
Gundi: Legend of Love,9.0,5500,166,biography
Taghiev: Oil,9.2,72,120,biography
La casa,6.9,939,83,biography
House of Ga'a,3.9,489,119,biography
The Truth vs. Alex Jones,7.5,3000,121,biography
Nahir,4.7,1100,122,biography
Ae Watan Mere Watan,4.7,1400,133,biography
Lula,5.6,186,90,biography
Hola Frida,7.2,32,82,biography
Vindication Swim,6.0,210,98,biography
Main Atal Hoon,6.9,6300,139,biography
Jenni,6.8,44,113,biography
Cookster: The Darkest Days,8.2,40,119,biography
Sabbath Queen,8.0,66,105,biography
Samia,6.8,138,102,biography
The Sidemen Story,6.7,1700,99,biography
Becoming Hitchcock: The Legacy of Blackmail,7.2,266,72,biography
ZEF: The Story of Die Antwoord,7.3,802,90,biography
Silvio,3.0,515,114,biography
Blood'less' Revolution,6.7,289,103,biography
Diddy: Summit to Plummet,2.3,203,60,biography
National Theatre Live: Nye,8.0,268,160,biography
Marcella,8.9,19,97,biography
Hayatla Baris,6.3,372,125,biography
From Roger Moore with Love,7.4,338,79,biography
The Life and Deaths of Christopher Lee,7.2,447,99,biography
Mit einem Tiger schlafen,6.8,152,107,biography
The Man Who Loved UFOs,5.2,599,107,biography
Nedelja,7.2,1900,130,biography
Giroud,6.1,17,80,biography
Klitschko: More Than a Fight,6.3,508,96,biography
Concepción,8.8,25,140,biography
Stevie Van Zandt: Disciple,7.9,664,147,biography
"Iki Gözüm Ahmet, Sürgün",3.7,139,113,biography
Estimados Señores,7.7,61,98,biography
Der Soldat Monika,7.0,26,109,biography
Laura,6.5,239,104,biography
Don't Ever Stop,9.5,27,85,biography
Bir Cumhuriyet Sarkisi,7.7,387,128,biography
Gary,6.6,537,91,biography
Ennio Doris - C'è anche domani,5.2,102,90,biography
Raghuveer,8.9,68,125,biography
Daytime Revolution,6.8,92,108,biography
Saint Nick of Bethlehem,9.2,101,93,biography
Patrice: The Movie,8.3,229,102,biography
Nasty,7.8,1100,103,biography
Tears of Cem Karaca,7.2,2000,123,biography
Funmilayo Ransome-Kuti,8.5,94,91,biography
Hyper: The Stevie Hyper D Story,8.8,30,91,biography
Sharon Stone: Survival Instinct,6.9,65,52,biography
Dharmaveer 2,5.4,10000,130,biography
Memoir Seorang Guru,7.1,125,120,biography
"Carville: Winning Is Everything, Stupid",7.2,269,98,biography
Padatik,7.9,106,126,biography
Kulej. Dwie strony medalu,6.4,322,148,biography
Michael Jackson: Ungloved,6.5,24,60,biography
God Be with Us,6.3,15,90,biography
Spyral,8.6,19,83,biography
Sadik Ahmet,7.7,414,125,biography
Levoton Tuhkimo,6.4,416,88,biography
Il était une fois Michel Legrand,8.0,39,109,biography
Madu,5.3,266,100,biography
Sube a mi Nube,6.0,27,110,biography
Simona Kossak,6.1,323,100,biography
Vivekam,8.2,308,104,biography
Harimau Malaya: The Untold Journey,8.2,22,125,biography
Yatra 2,6.3,9700,132,biography
Rock Bottom,6.9,43,86,biography
A nuestros amigos,7.7,13,90,biography
Komandir,6.4,523,131,biography
Pastor's Kid,6.7,40,90,biography
Wingless,7.8,95,110,biography
Karina,7.1,17,91,biography
Diane von Furstenberg: Woman in Charge,7.2,311,97,biography
Chabuca,6.7,250,113,biography
Gold,7.7,68,126,biography
Faruk,6.6,413,97,biography
Son Sarki: Ahmet'in Türküsü,1.6,110,101,biography
Suzzanna: The Queen of Black Magic,6.5,45,88,biography
Go Against the Flow,5.4,155,97,biography
Shahid,6.5,84,84,biography
Obraz,7.6,17,95,biography
Satyashodhak,8.4,361,145,biography
"François Truffaut, le scénario de ma vie",6.7,38,98,biography
The Movie Man,7.7,173,89,biography
Glenn Fredly: The Movie,6.8,124,121,biography
Bach - Ein Weihnachtswunder,6.2,168,89,biography
Padu,5.1,81,97,biography
Born to Be Wild: The Story of Steppenwolf,7.2,39,100,biography
Hope of Escape,7.7,41,91,biography
Pod szarym niebem,7.2,43,81,biography
Zuckerberg: King of the Metaverse,5.7,260,90,biography
Beethoven's Nine: Ode to Humanity,6.9,22,85,biography
Cartas Telepáticas,5.2,37,70,biography
The Legend of Sudarshan Chakra,9.1,22,160,biography
Un hombre libre,8.1,9,88,biography
Charmian Clift: Life Burns High,7.9,15,80,biography
Who Killed Lawrence of Arabia?,6.5,32,100,biography
Knockout Blonde: The Kellie Maloney Story,5.9,21,90,biography
Ruki vverkh!,5.5,255,102,biography
Parviz Khan,6.0,207,110,biography
Soares é Fixe,4.8,77,83,biography
Powstaniec 1863,5.4,139,115,biography
The Ballad of Suzanne Césaire,5.9,34,75,biography
Ray of Hope,7.0,10,105,biography
Joachim and the Apocalypse,7.2,13,90,biography
Riv i hjertet,7.9,30,107,biography
Fedya. Narodnyy futbolist,6.0,123,125,biography
A Dangerous Boy,6.9,96,90,biography
Manyam Dheerudu,5.3,3500,114,biography
Niepewnosc,3.6,55,113,biography
Ett hjärta är alltid rött,7.1,395,103,biography
Iyunskaya polyn,8.5,6,79,biography
Chhatrapati Sambhaji,5.6,233,186,biography
Maurice And I,8.9,26,98,biography
Bröderna Andersson,7.2,99,84,biography
Harta Tahta Raisa,4.0,71,110,biography
Me Dicen El Panzer,6.6,7,90,biography
Main Mulayam Singh Yadav,3.8,198,120,biography
La Joia: Bad Gyal,5.8,83,92,biography
Nonkonform,7.9,15,117,biography
La valanga azzurra,7.6,10,90,biography
Looking for Simone,7.3,15,93,biography
"Jacques Demy, le rose et le noir",7.1,13,88,biography
Rhythm of a Flower,7.3,15,81,biography
"Marisol, llámame Pepa",6.8,115,87,biography
Lafran,8.2,15,99,biography
Lulu in Turin,8.5,6,76,biography
Ago,8.0,6,80,biography
Janet Jackson: In Control,5.5,8,60,biography
"Sean Penn, L'enfant terrible de l'Amérique",7.4,27,52,biography
Yaremchuk: Nezrivniannyi svit krasy,8.6,463,92,biography
Maria,4.2,22,60,biography
COMA,9.5,9,80,biography
"Mary, Marianna, Maria: Ta agnosta ellinika hronia tis Kallas",7.6,14,103,biography
The Truth: The Journey Within,7.2,8,91,biography
Nollbudget,8.3,11,72,biography
"Dolly Parton: Bigger Hair, Bigger Heart",7.0,11,60,biography
Shaking It Up: The Life and Times of Liz Carpenter,8.0,9,77,biography
All Access to Rossa 25 Shining Years,8.7,65,91,biography
Il ricercatore,5.8,7,71,biography
"Kati: Eine Kür, die bleibt",6.1,85,99,biography
It'll Never Work,9.6,30,57,biography
9 sekund,4.6,62,91,biography
Paul Anka: His Way,7.3,11,100,biography
Davaj Paradiso,9.1,27,63,biography
"Steven Spielberg, l'homme et l'enfant",6.4,14,56,biography
No More Trouble - Cosa rimane di una tempesta,8.5,19,97,biography
Not Taken: Origins,9.8,6,69,biography
Insula Fondane (Fondane Island),8.8,12,82,biography
Waldo,6.6,7,104,biography
O familie aproape perfecta,5.4,8,88,biography
The Ballad of John and Yoko,8.5,17,101,biography
Barnen från Camp Ashraf,5.4,19,88,biography
Tapes of Revolution,9.5,6,75,biography
Graciano Rocchigiani - Das Herz eines Boxers,9.2,51,123,biography
Nebesko,5.2,10,73,biography
Im Schatten der Träume,8.2,10,90,biography
Reba McEntire: Country Gold,7.5,10,60,biography
Beethoven's Nine,7.6,11,90,biography
Golpe a Golpe (Blow by Blow),8.1,23,90,biography
Giannis Spanos: Piso ap' ti markiza,7.8,17,118,biography
Brev til Håkon Banken,8.1,28,80,biography
Palace Guardians,9.4,8,64,biography
Beyaz Zenciler: Yapim Asamasi,8.6,5,55,biography
Carles Sabater. No espereu res de mi,8.1,19,75,biography
Veljko od mora,7.2,16,53,biography
"Georges Pompidou, la cruauté du pouvoir",6.5,7,104,biography
Toquinho: Encontros e um Violão,8.6,5,90,biography
¡Qué suerte hemos tenido!,7.5,16,62,biography
Gevart,7.3,70,34,biography
"Lupicinio Rodrigues, Confissões de um Sofredor",7.0,5,99,biography
87 Candles,8.9,9,55,biography
The Order,6.8,43000,116,crime
The Beekeeper,6.3,157000,105,crime
Trap,5.8,138000,105,crime
Longlegs,6.6,186000,101,crime
Juror #2,7.0,98000,114,crime
Freaky Tales,6.7,2000,107,crime
Carry-On,6.5,166000,119,crime
The Crow,4.7,35000,111,crime
Despicable Me 4,6.2,66000,94,crime
Wolfs,6.5,83000,108,crime
Greedy People,6.2,12000,112,crime
MaXXXine,6.2,70000,103,crime
Rebel Ridge,6.8,88000,131,crime
Dead Mail,6.0,1000,106,crime
Pushpa: The Rule - Part 2,6.1,56000,201,crime
Emilia Pérez,5.4,88000,132,crime
The Girl with the Needle,7.5,14000,123,crime
Lucky Baskhar,8.0,32000,148,crime
Absolution,5.2,8200,112,crime
Bad Boys: Ride or Die,6.5,100000,115,crime
Love Lies Bleeding,6.6,57000,104,crime
Riff Raff,5.7,3100,103,crime
Lake George,6.4,1200,118,crime
Monkey Man,6.8,92000,121,crime
The Instigators,6.2,38000,101,crime
The Seed of the Sacred Fig,7.6,14000,167,crime
Beverly Hills Cop: Axel F,6.4,81000,118,crime
Lift,5.5,49000,107,crime
Maharaja,8.4,67000,141,crime
Sleeping Dogs,6.2,22000,110,crime
Santosh,7.1,2000,128,crime
Jafaican,5.2,10,101,crime
Toofan,7.4,8200,145,crime
Marco,6.8,21000,145,crime
The Thicket,5.8,3100,108,crime
Trigger Warning,4.6,19000,106,crime
Armor,3.6,4100,89,crime
Long Gone Heroes,5.2,1100,101,crime
Trouble,6.2,6900,98,crime
Beating Hearts,7.0,4800,166,crime
Killer Heat,5.6,13000,95,crime
Twilight of the Warriors: Walled In,7.0,9600,126,crime
Brothers,5.4,13000,89,crime
The Shadow Strays,6.5,9200,144,crime
Duchess,4.6,1400,114,crime
The Silent Hour,6.1,7500,99,crime
Colors of Evil: Red,6.4,8500,111,crime
Blackwater Lane,4.6,1900,108,crime
Force of Nature: The Dry 2,5.8,7100,120,crime
Misericordia,6.8,2100,104,crime
Do Patti,6.4,69000,126,crime
Hitpig,5.1,952,86,crime
Dead Sea,5.2,5300,88,crime
Harbin,6.3,678,108,crime
Boneyard,4.1,5000,96,crime
Damaged,4.7,7300,97,crime
My Fault,4.2,7000,120,crime
Bangkok Dog,4.8,202,85,crime
Megamind vs. The Doom Syndicate,2.5,5600,83,crime
The Unholy Trinity,7.9,55,93,crime
The Calendar Killer,5.4,4200,97,crime
5lbs of Pressure,5.2,1600,111,crime
Detained,4.9,1600,97,crime
The Trainer,7.1,56,95,crime
Sector 36,7.1,25000,123,crime
Justice,6.3,3900,113,crime
Baby John,5.2,17000,159,crime
The Courier,6.0,4400,101,crime
Viduthalai Part 2,7.8,16000,170,crime
The Thundermans Return,5.0,1800,70,crime
Revolver,5.4,868,114,crime
Singham Again,4.7,75000,144,crime
Thalavan,7.2,4700,131,crime
The Roundup: Punishment,6.6,5300,109,crime
Sikandar Ka Muqaddar,6.0,24000,142,crime
Darkness of Man,4.8,3200,109,crime
Jönssonligan kommer tillbaka,5.9,1400,104,crime
The Quiet Ones,6.3,698,110,crime
"I, the Executioner",6.4,1800,118,crime
Jigra,6.0,24000,153,crime
Badland Hunters,5.9,12000,107,crime
Depravity,4.3,1000,117,crime
Reputation,9.1,10,83,crime
Inside,7.0,239,104,crime
Code 8: Part II,5.7,16000,100,crime
Golam,7.2,5700,120,crime
The Clean Up Crew,4.1,1200,95,crime
Strictly Confidential,2.8,854,94,crime
Officer Black Belt,6.8,8300,108,crime
Maharaj,6.5,15000,131,crime
The Kingdom,6.9,798,112,crime
Døde menn går på ski,5.2,303,89,crime
Marmalade,6.3,3600,99,crime
Drugstore June,5.4,1700,91,crime
El Jockey,6.4,1700,96,crime
Pani,6.9,3100,143,crime
Maldoror,7.0,636,155,crime
Midnight Taxi,5.4,86,97,crime
The Soul Eater,5.9,2600,108,crime
Bogota: City of the Lost,5.4,1900,108,crime
Ride,5.9,395,114,crime
Case of Kondana,5.8,613,143,crime
Cult Killer,4.8,2800,105,crime
Guns & Moses,8.2,47,94,crime
King Ivory,7.2,64,130,crime
Ulajh,6.0,24000,150,crime
Barron's Cove,8.2,35,116,crime
Lover Stalker Killer,7.0,13000,90,crime
Compulsion,6.3,13,94,crime
What Jennifer Did,6.1,11000,87,crime
Bougainvillea,6.4,3200,138,crime
Savi,6.1,35000,126,crime
Anweshippin Kandethum,7.4,10000,142,crime
City Hunter,6.3,5600,102,crime
Sicilian Letters,6.1,741,122,crime
Laws of Man,5.2,1000,98,crime
Dead Wrong,3.9,259,104,crime
Sorgavaasal,6.6,1400,138,crime
Broken Rage,6.1,1400,62,crime
Boundless,5.6,1900,121,crime
Saripodhaa Sanivaaram,7.0,9100,166,crime
The Pee Pee Poo Poo Man,8.1,27,79,crime
To a Land Unknown,7.3,508,105,crime
Freedom,5.9,1400,110,crime
Untamed Royals,4.6,642,99,crime
Jailbreak: Love on the Run,6.4,3200,88,crime
First Shift,4.5,2000,89,crime
Hijack 1971,6.8,3300,100,crime
Io e te dobbiamo parlare,4.2,267,95,crime
In Her Place,6.2,1500,96,crime
Bhakshak,7.2,7200,134,crime
Sheriff,6.9,1100,133,crime
Here Now,4.9,419,118,crime
Kahar: Kapla High Council,6.9,465,102,crime
How to Rob a Bank,6.6,4200,88,crime
The Sabarmati Report,6.4,24000,127,crime
Crescent City,3.9,1400,103,crime
In Youth We Trust,6.7,443,132,crime
Kingsmen,6.3,48,72,crime
Strangers,4.3,390,106,crime
Gumasthan,5.8,521,145,crime
Hellhound,4.3,507,103,crime
Bloodline Killer,3.8,4400,105,crime
Nice Girls,4.2,1200,92,crime
Vettaiyan,7.0,39000,163,crime
Wanted Man,4.8,2600,85,crime
Ferry 2,5.6,3800,94,crime
The Lockdown,4.3,614,117,crime
Shoutai,6.9,581,120,crime
Raayan,6.5,11000,145,crime
Biggest Heist Ever,6.1,1500,85,crime
Rats!,6.6,130,85,crime
Two to One,6.1,731,116,crime
Dirty Money,5.6,141,100,crime
The Shameless,5.8,223,114,crime
Dirty Ice Cream,4.4,124,47,crime
Auron Mein Kahan Dum Tha,6.5,41000,150,crime
Belle,5.8,65,100,crime
Dengeler,5.3,214,123,crime
The Birds Who Fear Death,9.2,73,102,crime
Citizen of a Kind,6.7,830,114,crime
Serpent's Path,5.8,289,112,crime
A Place Called Silence,6.4,1300,119,crime
Loverboy: Emoties Uit,6.4,523,98,crime
Amish Affair,5.5,201,86,crime
Peg O' My Heart,6.2,132,97,crime
Mission: Cross,6.1,2600,105,crime
Faultline,5.7,102,92,crime
Phir Aayi Hasseen Dillruba,5.8,6800,132,crime
GTMax,5.0,1300,100,crime
Last Known Location,6.1,1400,110,crime
Svemu dodje kraj,6.5,326,89,crime
Havnaa,7.2,246,110,crime
Roadkill,3.7,687,90,crime
They Called Him Mostly Harmless,5.9,3200,89,crime
Conquer: Lahad Datu,6.6,520,120,crime
Tillu Square,6.6,3400,137,crime
Miséria,5.3,101,99,crime
Octopus with Broken Arms,6.1,270,109,crime
Nefarious,7.1,56,85,crime
The Park Maniac,4.8,1600,103,crime
Kaulayaw,4.1,167,95,crime
Anand Sreebala,6.6,2400,134,crime
Sons of Rizk 3,6.7,1700,125,crime
Scorched Earth,6.7,550,101,crime
The Final: Attack on Wembley,6.3,2500,82,crime
Rautu Ka Raaz,6.3,2000,114,crime
Borderless Fog,5.2,1300,110,crime
Abraham Ozler,6.6,4200,143,crime
The Smile Man,7.5,1500,122,crime
She's Got No Name,7.0,50,150,crime
Nunakuzhi,6.8,3000,125,crime
Road to Terzetto,7.2,36,96,crime
The Moon Thieves,6.1,254,108,crime
Bermondsey Tales: Fall of the Roman Empire,4.3,193,99,crime
Papa,7.5,327,131,crime
Cravings,1.7,10,155,crime
10 Days of a Curious Man,5.7,1300,110,crime
Visfot,5.7,1200,130,crime
Sayara,5.7,279,98,crime
Ghost Killer,7.0,77,105,crime
Crisis Negotiators,6.7,719,120,crime
Baby Assassins: Nice Days,7.3,308,103,crime
A Gangster's Kiss,4.7,47,81,crime
The Hostage,6.0,11,87,crime
Lady Scorpions,3.6,369,101,crime
Red Night at Skye's,6.3,10,82,crime
The Kingdom,7.7,93,133,crime
Mirza: Part 1 - Joker,6.8,241,165,crime
Love You to Debt,6.2,760,135,crime
Little Jaffna,6.9,46,100,crime
"Rajagunj: Pooja, Sir",6.3,739,115,crime
Mr. Bachchan,3.6,5300,150,crime
The Experts,6.1,283,121,crime
Go for Broke,5.7,272,115,crime
Vina: Before 7 Days,5.4,593,100,crime
Dhakshina,5.4,5200,107,crime
Una ballena,6.1,77,108,crime
The Truth vs. Alex Jones,7.5,3000,121,crime
The Girl Who Wore Yellow Lace,4.5,22,82,crime
Nirangal Moondru,6.1,537,122,crime
Le Mohican,7.0,154,87,crime
Murder and Cocktails,3.9,363,88,crime
Midas,4.6,340,85,crime
Nahir,4.7,1100,122,crime
(Pri)sons,5.0,276,100,crime
Passages of Nexus,5.6,262,108,crime
The Plot,4.8,383,100,crime
Krista,5.7,50,58,crime
Chris Brown: A History of Violence,5.4,319,82,crime
Jersey Bred,4.4,71,92,crime
Harom Hara,6.6,3000,154,crime
A Brothers Bond,5.2,43,103,crime
Killer Babes,3.5,286,94,crime
Hit List,5.5,313,125,crime
No Cap,5.6,38,108,crime
Operation Raavan,7.8,1200,147,crime
"MoviePass, MovieCrash",6.7,2800,96,crime
Bunny & Clive,2.3,23,76,crime
Dandupalayam,5.5,1200,137,crime
Bangkok Breaking: Heaven and Hell,5.8,671,146,crime
Quotation Gang Part 1,8.8,21,118,crime
Cookster: The Darkest Days,8.2,40,119,crime
Siren,6.4,2900,154,crime
Unspoken,8.2,46,120,crime
The Heist,6.9,2000,120,crime
"LSD 2: Love, Sex Aur Dhokha 2",3.8,2800,119,crime
Hunt the Wicked,5.3,114,102,crime
Bars,5.8,23,135,crime
Final Heist,4.4,153,83,crime
Samandar,7.7,140,172,crime
Illusions for Sale: The Rise and Fall of Generation Zoe,6.2,645,107,crime
The Actor,3.4,733,128,crime
Metamorfosi dell'essere,7.3,82,105,crime
Drive,5.6,335,90,crime
Valley of the Shadow of Death,5.1,15,84,crime
Kondal,5.4,775,147,crime
Silence 2: The Night Owl Bar Shootout,6.2,1900,142,crime
ChiefsAholic: A Wolf in Chiefs Clothing,6.2,379,121,crime
The Epidemic,5.8,71,95,crime
Oppa,8.5,47,84,crime
Plastic Guns,6.3,624,95,crime
Fyre Rises,6.5,323,110,crime
They Turned Us Into Killers,2.7,255,86,crime
Bhaje Vaayu Vegam,6.1,762,136,crime
Andhagan,6.6,1200,142,crime
Silver Star,7.1,16,102,crime
Zebra,7.2,3200,164,crime
PT Sir,6.8,1700,130,crime
Silvio,3.0,515,114,crime
Gde nashi dengi?,4.9,39,76,crime
Scopophobia,5.8,55,100,crime
Where Is Gilgamesh?,9.0,607,90,crime
Filthy Animals,7.3,91,96,crime
Prepare to Die,4.6,236,93,crime
Sattam En Kaiyil,8.0,2200,124,crime
Tòkunbò,3.9,297,113,crime
Red,4.5,99,114,crime
Blackia 2,6.0,126,132,crime
"Hemet, or the Landlady Don't Drink Tea",4.3,88,89,crime
Diddy: Summit to Plummet,2.3,203,60,crime
Sinful Lies,6.9,8,65,crime
Bastar: The Naxal Story,6.4,3300,124,crime
The Mick and the Trick,4.9,77,96,crime
Guess Who,4.8,368,93,crime
9 Windows,3.6,310,82,crime
Satyabhama,5.9,1500,132,crime
Troll Factory,5.8,470,109,crime
The Seven Sorrows of Mary,6.6,35,98,crime
The Desperate Chase,5.5,60,110,crime
Poslednji strelac,5.5,260,90,crime
Matka,4.7,586,156,crime
Gangs of Godavari,5.0,909,165,crime
The Shakedown,5.0,309,104,crime
Shu Si Yi Bo,6.7,34,91,crime
The Shadow,6.5,265,90,crime
Ballistic,2.2,161,95,crime
Un homme en fuite,5.4,160,106,crime
DNA,5.1,210,156,crime
Young Lion of the West,5.2,108,93,crime
Yalakunni,8.8,167,135,crime
RapeD,7.0,28,105,crime
Dead Man,5.1,207,109,crime
Mathu Vadalara 2,7.0,1700,139,crime
Vares X,3.7,123,85,crime
Saindhav,5.1,1600,138,crime
The Worst Man in London,5.7,146,127,crime
The Waterboyz,7.8,86,89,crime
Hustlers Take All,5.5,82,106,crime
High Forces,5.7,531,119,crime
Formed Police Unit,4.6,479,120,crime
Sous écrous,5.4,59,111,crime
The Infallibles,4.8,758,99,crime
Shakhahaari,7.5,1300,145,crime
RTI,5.9,26,130,crime
Chameleon,5.8,31,133,crime
Estômago II: O Poderoso Chef,5.8,326,131,crime
Rebel,3.2,66,100,crime
One Last Time,7.0,15,82,crime
Unknown Caller,7.0,29,63,crime
Wannabe,4.6,126,102,crime
Yevam,5.8,1500,123,crime
Remember Us,6.2,40,96,crime
Raja Rani,9.3,101,134,crime
S.I.T,6.7,2300,110,crime
Blood and Black,7.4,1100,88,crime
Bozji gnjev,7.2,59,111,crime
Danger in the Dorm,5.0,154,86,crime
Cursed in Baja,6.9,25,80,crime
Overdose,9.1,52,135,crime
Castillo,8.1,33,128,crime
Gam Gam Ganesha,5.3,310,140,crime
Desperado,5.9,144,100,crime
Piano Love,5.8,15,96,crime
The Unwavering Brotherhood,5.3,80,94,crime
Suspect,4.5,82,94,crime
Texas Twister,2.5,158,88,crime
Prasanna Vadanam,6.6,538,146,crime
Nastupit leto,6.4,37,94,crime
Cry of Silence,6.2,73,116,crime
Bodiless,5.7,1000,90,crime
Bond of Justice: Kizuna Part I - Encounter,6.2,18,92,crime
Breaking the Silence: The Maria Soledad Case,6.3,521,95,crime
Pattaya Heat,5.6,224,117,crime
Mudo Kannu,6.6,2100,100,crime
The Star City Murders,4.2,143,79,crime
Green Bones,7.7,191,96,crime
Chor Dil,7.4,38,135,crime
The Texas Cheerleader Murder Plot,5.0,297,100,crime
Dream Team,5.2,60,91,crime
Con Queens,6.2,19,80,crime
Shadows of Betrayal: Chronicles of Ian Blair,7.3,12,65,crime
The Murder of Sandra Rivett,6.3,145,90,crime
Untold: The Murder of Air McNair,5.6,2100,57,crime
Angry Squad: Civil Servants & Seven Swindlers,7.9,46,120,crime
Oru Nodi,6.7,504,128,crime
Uninvited,6.3,80,93,crime
Beneath the Fold,7.2,27,80,crime
Reloaded 2,7.7,1100,45,crime
Swing Bout,8.7,175,90,crime
Shivam Bhaje,7.8,3000,121,crime
Killerwood,7.3,30,84,crime
Kokuhaku Confession,5.6,151,74,crime
Rakshana,5.4,1100,139,crime
Taxali Gate,6.6,118,95,crime
Priyo Maloti,6.7,190,119,crime
Cafe 404,7.3,38,93,crime
Risky Business,7.2,104,107,crime
Marine Drive,9.5,50,105,crime
Wieczór kawalerski,4.8,437,85,crime
Kiss of the Con Queen,7.2,28,117,crime
Best Man Dead Man,7.2,14,83,crime
Sentimentaaal,5.3,977,135,crime
The Bitter Sugar,6.8,9,92,crime
Hovering Blade,6.1,237,107,crime
What Happens in Miami,4.3,220,90,crime
Plea,6.9,24,88,crime
Martingale,5.4,105,103,crime
Accident or Conspiracy: Godhra,7.4,783,133,crime
Vivekam,8.2,308,104,crime
Pathological: The Lies of Joran van der Sloot,6.5,347,93,crime
Tiger Wolf Rabbit,6.2,508,126,crime
La mort viendra,6.0,42,101,crime
Brattt,4.7,67,117,crime
Second Life,6.7,49,105,crime
Holiday Hold-Up,5.6,69,89,crime
Chithini,6.0,551,151,crime
Kaliyugam Pattanamlo,6.6,2200,150,crime
Kala Ratri,6.8,15,122,crime
Rob N Roll,6.1,1500,98,crime
Bheema,5.8,955,148,crime
Kingdom Reign,8.4,38,119,crime
Dark World,4.9,15,135,crime
The Donor,9.0,9,23,crime
Vojna policajtov,6.5,339,150,crime
Raavsaheb,8.4,7,138,crime
"Bullets, Brothers and Blood",7.8,15,85,crime
Dark Deceptions,6.2,36,82,crime
Killcon,9.5,14,31,crime
Maven,9.4,44,135,crime
Villain - Life of a Gangster,8.9,157,141,crime
The Legend of the Vagabond Queen of Lagos,7.8,37,100,crime
Gold Boy,6.5,134,129,crime
Thirumbipaar,6.0,239,101,crime
Protein,6.5,64,100,crime
Pungut,6.9,12,100,crime
Hain,2.9,45,95,crime
Money No Enough 3,6.0,264,138,crime
Dickweed,7.1,36,90,crime
CHAAW: Chapter 3 - Christmas Time Is Here,7.9,475,72,crime
GATAO: Like Father Like Son,6.7,72,100,crime
Suspicion,3.6,211,115,crime
Lipstick,6.4,28,145,crime
Raktaksha,8.1,1400,118,crime
Nico,8.3,46,109,crime
Valleyheart,8.8,37,98,crime
Blood Dried Hands,5.4,36,115,crime
Whatever It Takes,8.3,14,93,crime
4N6,9.6,62,117,crime
Thankamani,4.6,229,156,crime
Abudeka Is Back,5.3,35,120,crime
State of Silence,6.5,110,80,crime
Abnormal: Buas,5.6,26,90,crime
Niyathi,6.8,172,113,crime
Housekeeping,6.0,41,98,crime
Landkrimi: Steirergift,6.4,68,90,crime
Crime Reel,7.5,141,111,crime
Tiempo de Pagar,7.4,48,63,crime
Chitram Choodara,4.6,15,127,crime
Charlotte Link - Ohne Schuld,5.5,41,89,crime
A Place Under the Sun,9.2,35,110,crime
Meitantei Conan Bâsasu Kaitô Kiddo,6.1,162,81,crime
Pepe,5.0,493,126,crime
Nasha Jurm Aur Gangsters,6.6,2600,137,crime
Secret Home,8.3,148,117,crime
The Victims,5.8,85,99,crime
Bury Him,7.4,13,88,crime
Gossip to Die For,5.3,82,94,crime
Nelma Kodama: The Queen of Dirty Money,5.5,185,94,crime
Porch Pirates,5.0,104,107,crime
Who Killed Angel Adams?,6.3,24,76,crime
Snowstorm,4.5,6,91,crime
ONENESS,9.3,18,115,crime
Thozhar Che Guevara,5.1,37,120,crime
Supplier Shankara,9.3,71,163,crime
Dream Lock,8.6,21,100,crime
The Stix,7.3,33,123,crime
Three Old Boys,4.8,97,108,crime
The Good Loan Sharks,5.0,75,122,crime
My Home Hero the Movie,6.1,8,117,crime
Game Over,5.7,20,74,crime
Common Sense,2.5,20,68,crime
Lipstick on the Glass,4.6,12,116,crime
Anyone Else But Me,7.0,153,95,crime
The Bodyguard,6.6,31,87,crime
Kurukku,6.6,532,109,crime
Lorry Chapter-1,5.7,2400,183,crime
Aranam,7.5,402,127,crime
Welcome to the Game,5.9,64,90,crime
Diari de la meva sextorsió,6.5,53,64,crime
Historias invisibles,6.4,27,110,crime
Paarijathaparvam,6.2,2300,133,crime
Nietzsche's Umbrella,8.7,21,86,crime
Maloney - Die ersten drei haarsträubenden Fälle,6.7,76,98,crime
Murder in a Teacup,6.3,149,93,crime
Uno Sir,6.4,44,106,crime
Searching for Amani,7.9,31,80,crime
First Rites,7.0,5,114,crime
Routa,6.5,31,127,crime
G - 21 scener från Gottsunda,7.0,184,80,crime
Jama,6.3,16,71,crime
Ugravatara,7.9,552,122,crime
Orah,7.1,20,95,crime
Kiyma: Orman Kanunlari,4.5,36,81,crime
Muzhskoe slovo,6.5,462,94,crime
Muroi Shinji: Yaburezaru Mono,7.7,8,115,crime
"Milk, Rice, and the Blood",9.0,53,45,crime
A Valentine's Day,8.4,9,126,crime
The Dealer,8.3,12,120,crime
Jaspal,7.3,28,106,crime
Opportunity,8.9,91,96,crime
Theppa Samudram,7.4,1600,133,crime
Tschugger - Der Lätscht Fall,8.1,165,147,crime
Siragan,7.0,152,130,crime
Grey Games,8.8,1100,121,crime
Vergüenza,6.9,24,103,crime
Myall Creek Day of Justice,6.4,17,78,crime
Atlanta 10.02,5.3,14,45,crime
The Housewife and the Hustler 2: The Reckoning,6.5,44,94,crime
Salvajes,5.6,60,90,crime
Haunting Trophies,7.7,66,150,crime
Untouchable,4.5,88,112,crime
Rancor,7.0,34,83,crime
Laandhar,4.1,97,117,crime
Los Justos,6.4,74,79,crime
Hocus Focus,7.9,19,85,crime
Jog 101,6.6,497,107,crime
The Bottom Line,6.5,12,107,crime
Mukhya Gamanika,8.5,2100,125,crime
"Fallen Leaves, Broken Lighters",7.7,7,96,crime
Scapegoat,7.0,22,85,crime
Common Creed: Trafficking,6.7,8,106,crime
Malam Pertobatan,6.8,12,81,crime
Aaro,4.5,13,120,crime
Gull Lake Vice II: The Delusion Continues,8.2,16,58,crime
Ingu Mirugangal Vaazhum Idam,6.2,14,108,crime
Lesní vrah,4.2,78,78,crime
Abduction Chronicles,8.4,36,126,crime
Yathabhava,8.3,28,127,crime
Below the Rim,5.0,16,89,crime
Break War,2.4,15,86,crime
Bigul,9.3,46,144,crime
Agontuk,5.5,23,125,crime
Walk the Line,5.5,94,115,crime
Rhino Man,8.8,42,96,crime
The London Underground Killer,4.7,92,91,crime
Gally Gang Stars,9.0,2000,157,crime
Blue Christmas,5.6,21,79,crime
"Compa, me gusta su vieja",5.6,21,86,crime
Jalandhara,9.2,545,110,crime
5D,8.2,578,129,crime
Blitz,7.2,8,6,crime
Chacaleria,8.1,419,116,crime
Vallavan Vaguthadhada,6.5,56,104,crime
Lolipop Gang,3.6,7,90,crime
Vengeful,6.1,18,100,crime
Don't Love,7.8,1500,177,crime
The Real Story of January 6: Part 2 - The Long Road Home,6.2,29,90,crime
Little Black Submarines,6.9,57,123,crime
Insurance Jimmy,6.5,149,110,crime
The Deal,8.5,26,130,crime
Passagrana,6.4,130,100,crime
Shina,7.5,7,98,crime
Die Bloedhonde,6.3,10,97,crime
Sangharshana,7.3,1600,102,crime
Rangeli,9.4,93,140,crime
Dai jia fa de ren,5.4,59,121,crime
Novyy god v Beryozovke,7.1,99,94,crime
Kaçkin,7.6,9,104,crime
Kunstroof,7.0,43,102,crime
Pinnil Oral,6.0,113,127,crime
AK47,7.2,14,146,crime
Koresha,3.0,63,86,crime
Guxim,7.7,34,75,crime
Above the Trees,6.5,14,125,crime
Leha,2.3,42,98,crime
What Lies Within,5.3,13,90,crime
SMB-plush presents trick or death,8.8,16,120,crime
La Tamalera,8.2,9,115,crime
Downfall of the Crypto King (theatrical feature),6.2,28,90,crime
Pink Butterfly,5.7,55,109,crime
Liebling Kreuzberg 2.0,5.1,50,89,crime
A Frozen Rage,5.4,47,115,crime
A Reel Heist,5.2,58,116,crime
Mun Kaupunki,6.6,22,105,crime
Beauty Grace Malice,7.6,44,81,crime
Yurka,4.0,30,85,crime
Mina and the Radio Bandits,7.3,44,110,crime
Sharma & Ambani,9.1,184,104,crime
Yaa Devi Sarva Bhuteshu,8.7,8,119,crime
Shades of Sapphire,7.8,9,77,crime
Ata Nirjon Duporiya,8.0,10,103,crime
Real Estate Sisters,4.8,17,84,crime
Dead Name,9.0,11,84,crime
Thirsty for Likes,4.0,38,46,crime
Spending Some Time Together,6.9,28,146,crime
No Loose Ends,6.7,9,68,crime
Who Do You Trust?,3.6,40,96,crime
Bayamariya Brammai,8.8,25,88,crime
7vens Law,9.4,20,68,crime
Conviction,7.0,36,97,crime
Vrutos,8.4,9,100,crime
Netru Indha Neram,5.5,136,140,crime
Water Mafia,9.2,13,45,crime
Buenas noches,8.4,5,91,crime
Dheera Samrat,9.8,99,123,crime
Full Clip for a Snitch,3.6,19,75,crime
Give Me a Ride,5.0,16,102,crime
El Junior Del Patron,7.4,10,92,crime
Dawgz Life,8.2,12,143,crime
Slapes,6.8,31,82,crime
All Suspects,3.6,19,96,crime
So It Goes,3.3,19,77,crime
Namak,4.5,13,75,crime
Los Hijos De Camelia y Emilio,6.4,29,82,crime
Nacida Para Vengar,8.0,9,102,crime
Po du xing dong,6.8,5,79,crime
The AI Dharma Story,1.8,1100,89,crime
The Burned Hand,8.0,12,85,crime
The Kills,8.8,9,70,crime
Jimmy's Friends,7.0,11,94,crime
El Cartel De Teresa,8.0,9,96,crime
El Juego Del Poder,7.8,10,95,crime
Kenda,8.9,20,135,crime
Randa Ramphal,8.5,8,70,crime
Detroit Ransom,6.8,11,76,crime
Lealtad o Morir,8.2,9,87,crime
Der Wien-Krimi: Blind ermittelt - Tod im Palais,6.9,30,88,crime
Las Hermanas Del Cartel,8.2,5,91,crime
La Nueva Camelia,5.6,18,95,crime
Duelo De Capos,6.3,29,83,crime
Runnin' from Wolves,7.2,10,133,crime
Beautifully Broken People,8.9,9,75,crime
Cageling,5.9,8,69,crime
Mufasa: The Lion King,6.6,64000,118,family
Moana 2,6.6,102000,100,family
Flow,7.9,75000,85,family
Sonic the Hedgehog 3,6.9,60000,110,family
Paddington in Peru,6.7,21000,106,family
How to Make Millions Before Grandma Dies,8.0,15000,125,family
Transformers One,7.6,51000,104,family
Despicable Me 4,6.2,66000,94,family
The Day the Earth Blew Up: A Looney Tunes Movie,7.0,4300,91,family
Inside Out 2,7.5,217000,96,family
IF,6.4,58000,104,family
Kung Fu Panda 4,6.3,68000,94,family
Average Joe,4.3,577,100,family
The Garfield Movie,5.7,24000,101,family
My Penguin Friend,6.7,5200,97,family
Harold and the Purple Crayon,5.7,8400,90,family
Descendants: The Rise of Red,4.7,7100,91,family
Young Hearts,8.0,4800,99,family
Wallace & Gromit: Vengeance Most Fowl,7.5,35000,82,family
Spellbound,5.5,7400,109,family
The Forge,6.7,4900,124,family
Not Just a Goof,7.8,332,87,family
Hitpig,5.1,952,86,family
Piece by Piece,6.9,5500,93,family
Thelma the Unicorn,5.7,3000,93,family
Faith of Angels,5.8,233,98,family
Buffalo Kids,6.6,698,93,family
Unsung Hero,7.0,5000,113,family
Megamind vs. The Doom Syndicate,2.5,5600,83,family
Orion and the Dark,6.3,17000,93,family
Lost on a Mountain in Maine,6.1,1200,98,family
You Gotta Believe,5.8,1300,104,family
The Thundermans Return,5.0,1800,70,family
That Christmas,6.8,17000,91,family
Ultraman: Rising,6.9,6400,117,family
A Carpenter's Prayer,6.2,96,91,family
Woody Woodpecker Goes to Camp,4.5,2600,100,family
Saving Bikini Bottom: The Sandy Cheeks Movie,3.7,3900,82,family
Big World,7.3,1300,131,family
10 Lives,5.9,1900,88,family
Doraemon the Movie: Nobita's Earth Symphony,6.6,1500,115,family
Chuck Billy and the Marvelous Guava Tree,7.4,1000,90,family
200% Wolf,5.9,1300,98,family
Meiyazhagan,8.4,14000,177,family
Panda Plan,5.1,1300,99,family
The Tiger's Apprentice,5.7,2200,84,family
Bambi: A Tale of Life in the Woods,5.7,178,78,family
Panda Bear in Africa,5.5,349,84,family
Woodwalkers,5.3,440,103,family
Autumn and the Black Jaguar,5.6,1000,100,family
Crayon Shin-chan: Ora's Dinosaur Diary,6.5,363,106,family
Bibi Rajni,8.5,723,143,family
A Brother and 7 Siblings,8.6,1200,129,family
Super-Charlie,5.8,124,80,family
Runt,6.4,531,91,family
A Sloth Story,5.6,207,90,family
Mountain Boy,8.4,26,93,family
Rebellious,6.0,196,94,family
And the Breadwinner Is...,6.7,265,123,family
Ryan's World the Movie: Titan Universe Adventure,1.8,691,80,family
The Night Before Christmas in Wonderland,6.3,519,80,family
Man and Witch: The Dance of a Thousand Steps,5.5,333,94,family
Elli and the Ghostly Ghost Train,5.1,101,86,family
Noah's Ark,4.3,663,96,family
The Groomsmen: First Look,6.1,390,82,family
Savages,6.8,343,87,family
Dongeng Sang Kancil,6.7,177,99,family
2nd Miracle in Cell No. 7,7.7,246,147,family
A Sudden Case of Christmas,5.1,1100,91,family
Home Sweet Loan,8.1,946,112,family
Bila Esok Ibu Tiada,6.7,323,104,family
Der Buchspazierer,7.2,401,98,family
Fear,8.4,2800,115,family
Marry Christmas,6.7,61,85,family
Robin and the Hoods,4.3,512,100,family
Gracie and Pedro: Pets to the Rescue,5.1,276,87,family
School of Magical Animals 3,5.8,315,105,family
Return to Wickensburg,5.0,30,88,family
Big City Greens the Movie: Spacecation,6.2,545,83,family
The Neon Highway,6.0,492,113,family
Believe in Christmas,6.1,829,90,family
A Nashville Wish,5.7,93,102,family
Living Large,7.0,126,80,family
Babah,6.7,170,129,family
No Time to Spy: A Loud House Movie,6.4,450,81,family
Disaster Holiday,4.8,705,93,family
Kvitebjørn,5.9,62,85,family
Dalia y el Libro Rojo,6.5,95,107,family
Father There is Only One 4,5.2,619,90,family
The Primrose Railway Children,5.0,144,81,family
Rajkumar,7.4,2700,145,family
Like a Rolling Stone,7.7,453,106,family
Brewster's Millions: Christmas,5.6,190,100,family
Rally Caps,5.5,140,100,family
"Die Heinzels: Neue Mützen, Neue Mission",6.4,92,76,family
Kattis Gang,5.7,415,144,family
Cup,8.6,71,146,family
Rajakili,6.7,589,122,family
My Freaky Family,6.3,407,86,family
Ghost Cat Anzu,6.5,779,97,family
My Oni Girl,6.0,1800,112,family
"Maya, donne-moi un titre",6.4,54,61,family
14 Days Love,7.6,10,112,family
Going Viral,6.9,53,90,family
SuperKlaus,4.3,202,88,family
Paper Flowers,8.8,34,100,family
Juliette au printemps,6.4,262,95,family
Heartsping : Teenieping of Love,7.1,24,0,family
The Snow Sister,7.0,2100,96,family
Diplodocus,6.3,179,90,family
Guest from the Future,6.0,1200,141,family
"Love, Sitara",5.3,297,105,family
Victoria må dø,5.9,364,85,family
Gharat Ganpati,7.9,503,139,family
Si Juki the Movie: Harta Pulau Monyet,6.0,121,107,family
Storm Crashers,6.2,565,88,family
Super papa,5.2,121,90,family
The Casagrandes Movie,5.6,667,89,family
Sabari,6.5,5400,129,family
Treasure Trackers,5.8,163,92,family
The Proud Princess,6.7,113,84,family
Grrr...,4.0,815,121,family
Ole Aale,8.7,409,142,family
Singapore Saloon,6.0,1200,137,family
Luigi's Mansion,6.0,17,60,family
Børnene fra Sølvgade,7.6,98,102,family
The Lost Tiger,7.9,45,90,family
Skelly,5.5,92,85,family
Hashtag Tadev lagnam,6.5,147,118,family
Grüsse vom Mars,7.4,31,85,family
Die Chaosschwestern und Pinguin Paul,5.7,68,100,family
Nintama Rantaro Dokutake Ninja-tai Saikyou no Gunshi,7.1,22,90,family
Bremenskie muzykanty,4.7,673,115,family
Véletlenül írtam egy könyvet,7.7,318,98,family
Nadanna Sambhavam,5.8,1400,120,family
Krispy Rishtey,6.5,70,133,family
Dedh Bigha Zameen,6.9,751,100,family
Peppa's Cinema Party,4.9,155,65,family
The Land of Morning Calm,6.2,26,113,family
Aanandhapuram Diaries,7.0,2500,115,family
Dog Days,6.7,315,120,family
Superkrachten voor je hoofd,7.3,197,92,family
Daye: Seret ahl el Daye,7.9,17,104,family
Too Old for Fairy Tales 2,4.8,403,95,family
The Big Trip 3: Race Around the World,5.6,59,85,family
Zak & Wowo: The Legend of Lendarys,5.7,98,85,family
Windcatcher,5.3,407,80,family
Niko: Beyond the Northern Lights,6.2,335,86,family
Vishesham,6.7,1400,136,family
Stinky Summer,5.6,51,90,family
Dance Rivals,6.0,71,93,family
Powder Pup,6.2,76,89,family
Bayramlik,4.8,51,114,family
The Legend of Catclaws Mountain,3.5,171,104,family
Juf Braaksel en de Geniale Ontsnapping,4.1,55,83,family
Saint Nick of Bethlehem,9.2,101,93,family
The Adventures of Jurassic Pet: Return to the Wild,5.4,65,90,family
Sunny,6.8,31,122,family
Dear Family,6.8,61,116,family
Little Emma,5.9,114,106,family
Gowri,7.4,4100,130,family
My Redneck Neighbor: Chapter 1 - The Rednecks Are Coming,5.7,9,74,family
Ghudchadi,4.2,556,113,family
The Lamb,6.8,33,85,family
Spirit of Friendship,4.3,75,85,family
Magic Beach,5.5,58,80,family
Askepote,3.5,83,72,family
Captain Avispa,5.8,178,96,family
Yolki 11,4.7,170,92,family
De Bellinga's: Pretpark op stelten,3.1,125,70,family
Luv Ki Arrange Marriage,3.9,4500,135,family
Daaru Na Peenda Hove,7.6,2300,111,family
Carol,8.3,48,115,family
LasseMajas detektivbyrå - Maskoten som försvann,6.0,60,90,family
For Prophet,5.5,105,105,family
Thookudurai,4.3,2300,125,family
Christmas Carole,4.2,92,93,family
Mansarra,7.8,21,138,family
Håkan Bråkan 2,5.4,135,92,family
Sieger Sein,6.5,182,119,family
A Holiday for Harmony,3.6,37,120,family
Joy of Horses,5.8,167,90,family
Chicken Coop,5.8,88,98,family
Domovyonok Kuzya,6.5,823,90,family
G for Gap,7.1,558,103,family
Il migliore dei mali,7.7,7,90,family
Mees Kees op eigen benen,6.1,36,82,family
Letuchiy korabl,3.8,298,100,family
DeAr,5.1,1300,132,family
Planet 7693,7.6,70,110,family
Woof Woof Daddy,6.2,44,105,family
Chithini,6.0,551,151,family
Tri kota. Zimnie kanikuly,6.5,31,65,family
Wonderful Precure! The Movie! Doki Doki Game no Sekai de Daiboken,7.0,35,71,family
Masha i Medved v kino: Park chudes,7.6,17,58,family
Dikkie Dik 2: Een Nieuwe Vriend voor Dikkie Dik,7.4,72,70,family
A Hero's Journey: The Making of Percy Jackson and the Olympians,7.4,250,50,family
Brother,6.2,2300,140,family
The Magic Penguin,3.7,28,89,family
Mr. Santa: A Christmas Extravaganza,8.4,18,98,family
Kardes Takimi,3.5,555,95,family
Wedding Diaries,8.9,2000,121,family
Vaar Tahevaar,8.0,280,127,family
A Christmas Miracle,6.0,66,88,family
Baba Yaga spasaet Novyy god,4.4,116,99,family
"Robotia, the Movie",7.7,29,86,family
Yaren Leylek,5.9,28,95,family
Bob a Bobek ve filmu: Na stope Mrkvojeda,7.5,28,80,family
CBeebies Panto: Beauty and the Beast,7.8,16,73,family
Gina,7.4,25,100,family
Ducobu passe au vert!,4.0,131,90,family
Tri bogatyrya. Ni dnya bez podviga,5.7,70,61,family
Igrisca ne damo!,7.0,27,79,family
Paagal vs Kadhal,9.0,2100,111,family
Double Tuckerr,4.9,1200,120,family
Inanimate Insanity II: The Movie,8.4,233,106,family
Little Town,6.8,11,90,family
"Akiko, der fliegende Affe",8.3,15,70,family
Vikaasaparva,8.7,541,134,family
Baii Ga,4.3,62,134,family
Uma & Haggen: Mitos,7.3,47,94,family
De Grote Sinterklaasfilm - Stampij in de bakkerij,3.0,76,75,family
Obraz,7.6,17,95,family
Dikkie Dik en de Verdwenen Knuffel,7.3,130,62,family
Amaltash,8.1,149,113,family
Tartinijev kljuc,7.8,21,115,family
Ognivo,5.5,227,105,family
Rocket Club: Across the Cosmos,8.4,19,68,family
BeBe Winans' We Three Kings,6.9,129,90,family
Padmavyuham Lo Chakradhari,7.4,1700,110,family
Mastaani,9.1,27,150,family
Nature Cat's Nature Movie Special Extraordinaire,7.3,19,53,family
The Secret of Pin-Up Island,7.4,92,107,family
The Hedgehog,6.6,676,104,family
Double Engine,5.6,115,106,family
Miracle Mile,8.8,28,82,family
Our Church Thinks We're Dating,7.5,59,102,family
Moy dikiy drug,6.5,58,100,family
Hope's Hollywood Christmas,8.9,28,90,family
Last Defenders of Monogamy,5.3,387,84,family
Al Eid Eiden,5.8,13,110,family
Oyunda Kal: Eglence Arenasi,2.6,36,92,family
Pui Pui Molcar the Movie: Molmax,7.0,9,69,family
Porch Pirates,5.0,104,107,family
Chhota Bheem and the Curse of Damyaan,4.8,2300,145,family
Laggam,8.4,5100,130,family
Idu Entha Lokavayya,6.6,7,120,family
Kaagada,8.1,14,149,family
Ne odna doma,4.1,82,79,family
Oti Uttam,5.1,203,137,family
Haydi Tut Elimi,6.9,27,113,family
De Club van Sinterklaas Film: Het Grote Sneeuwavontuur,5.8,50,79,family
Animal Tales of Christmas Magic,6.8,51,72,family
Our Christmas House,5.5,46,77,family
Titip Surat Untuk Tuhan,6.5,42,81,family
Smotri na menya!,5.7,71,120,family
Vozvrashchenie popugaya Keshi,4.2,61,93,family
Steal the Naughty List,6.4,120,90,family
Palayam PC,5.1,138,118,family
Petualangan Anak Penangkap Hantu,6.0,25,99,family
Manyunya. Priklyucheniya v derevne,5.8,121,84,family
Eine zweite Chance,8.6,45,91,family
Feather Christmas,5.2,120,94,family
My Dear Donga,5.7,160,132,family
Give You a Candy,5.4,14,134,family
Vasilisa i khraniteli vremeni,3.1,69,98,family
My Dad Is an Alien,8.0,19,96,family
Max und die wilde 7: Die Geister-Oma,6.2,46,90,family
Indonesia dari Timur,7.8,5,112,family
Manyunya. Priklyucheniya v Moskve,5.8,111,87,family
Iyunskaya polyn,8.5,6,79,family
Piraty galaktiki Barrakuda,4.5,82,92,family
Troy the Bharat Putra,5.5,31,134,family
Awesomest Christmas Ever,7.0,22,78,family
"7 dney, 7 nochey",6.4,404,98,family
Chitti - Potti,9.1,1700,150,family
Give 'Em Hell Honey!,5.6,12,94,family
Semeynyy perepolokh,4.9,60,87,family
Arne Alligator och djungelkompisarna,4.6,48,61,family
De Legende van Familie Vos,5.7,59,81,family
"Merry Birthday, Happy Christmas",4.8,114,84,family
Suvorovets 1944,5.1,9,90,family
Malyshariki. Den rozhdeniya,5.8,28,52,family
Scooped,5.2,45,84,family
Day of the Diesels,7.7,10,100,family
Klaantha,6.2,518,107,family
Lek Asavi Tar Ashi,5.5,13,143,family
Heavens: The Boy and His Robot,6.3,22,98,family
Príncipe Lu e a Lenda do Dragão,4.1,28,90,family
Vovó Ninja,5.2,21,96,family
Tarpana,9.8,16,138,family
Novogodniy ekspress,9.2,6,47,family
Once Upon a Christmas,6.8,13,115,family
LUDA,7.2,6,86,family
A Game of Two Halves,7.3,24,100,family
Tayna Chyornoy Ruki,5.7,23,84,family
The Truth: The Journey Within,7.2,8,91,family
Prinsessa Pikkiriikki,6.1,39,75,family
Novyy god v Beryozovke,7.1,99,94,family
Omar v bolshom kino,5.8,26,86,family
Chitra,8.2,6,125,family
Khelaghar Bandhte Legechi,8.0,7,100,family
Uparwala & Sons,9.2,322,126,family
Fanzo Movie,7.9,10,104,family
Udanadi Mangalyam,2.9,24,90,family
Pinnil Oral,6.0,113,127,family
V banyu!,5.2,72,99,family
Moyo sobache delo,5.3,45,77,family
Person of the Year,5.8,11,100,family
Mezhdu nami,5.1,35,93,family
A House Without a Father,6.2,34,61,family
"Heinähattu, Vilttitossu ja kana",4.9,60,77,family
Iwájú: A Day Ahead,6.8,73,71,family
Gabru Gang,8.7,214,123,family
Vindu Bhojanam,7.2,54,103,family
Perfekta: Uma Aventura da Escola de Gênios,5.8,16,92,family
Kallu Compound 1995,8.0,2000,140,family
Childhood Tales,7.4,22,63,family
Papu mame zaverni,3.6,68,106,family
Princezna na hrásku,5.6,63,80,family
SDL A Batalha Musical,7.3,42,102,family
"Poymay sobaku, esli smozhesh",3.5,36,96,family
Kazhdyy mechtaet o sobake,5.2,33,90,family
Moy lyubimyy chempion,2.4,418,95,family
Fien & Teun Circus op de Boerderij,5.6,11,77,family
Mallemogga,9.0,11,132,family
Uzhaipalar Thinam,4.3,7,122,family
Salamat Rahe Dostana Hamara (SRDH),9.3,87,60,family
Odna doma. Velikolepnaya pyatyorka,4.1,39,85,family
YA - medved,5.0,61,97,family
Nebesko,5.2,10,73,family
Mukhadrakon,5.3,18,109,family
Skazochnyy patrul. Shou prodolzhayetsya,7.2,11,65,family
The Christmas Room,6.4,52,99,family
Novogodnee chudo,5.5,14,73,family
A Christmas Reunion,4.9,11,64,family
When the World Met Miss Probinsyana,9.3,44,155,family
Haddhu Ledhu Raa,7.3,2000,112,family
Neposlushniki,4.9,96,108,family
Santa's Chimney of Secrets,4.6,23,66,family
Let's Go! Anpanman: Baikinman and Lulun,6.5,7,64,family
Appa I Love You,8.7,543,145,family
Wholesome Grove,7.0,8,99,family
Bitva pap,4.4,25,79,family
Selebryata,3.8,20,93,family
Boom!,8.3,11,90,family
Korporatsiya Morozov,5.5,30,83,family
Gyakorlat teszi a mestert,6.1,15,46,family
Iyus Jenius,9.0,7,82,family
Borjatri,8.4,6,72,family
Beyaz Zenciler: Yapim Asamasi,8.6,5,55,family
Tui Ke Amar,6.6,6,114,family
Tomari Sathe,8.0,8,54,family
I'm Still Here,8.3,105000,137,history
Small Things Like These,6.8,23000,98,history
The Count of Monte-Cristo,7.6,35000,178,history
The Apprentice,7.1,55000,122,history
Queer,6.4,21000,137,history
The Return,6.2,8700,116,history
Saturday Night,6.9,30000,109,history
September 5,7.1,24000,95,history
The Girl with the Needle,7.5,14000,123,history
The Six Triple Eight,6.7,27000,127,history
William Tell,5.7,2500,133,history
The Devil's Bath,6.6,6300,121,history
Blitz,6.2,16000,120,history
Unfrosted,5.5,35000,97,history
Reagan,6.1,11000,141,history
11 Rebels,6.3,435,155,history
Bonhoeffer: Pastor. Spy. Assassin.,6.2,3600,133,history
The Children's Train,7.4,7200,106,history
Joy,7.1,9400,115,history
Vermiglio,6.9,4100,119,history
Harvest,6.1,380,131,history
Grand Tour,6.5,1700,128,history
Before Dawn,5.4,1000,101,history
Harbin,6.3,678,108,history
Uprising,6.6,5600,126,history
Goebbels and the Führer,6.7,2200,135,history
Being Maria,6.1,613,100,history
Intoxicated by Love,8.5,13000,118,history
Waves,8.0,1700,131,history
The New Year That Never Came,8.2,5000,138,history
Maharaj,6.5,15000,131,history
Escape from Germany,5.3,981,97,history
No Chains No Masters,6.4,559,98,history
Bushido,6.9,452,129,history
Seize Them!,5.1,1200,91,history
The Flood,6.4,283,101,history
Limonov: The Ballad of Eddie,6.0,807,138,history
"From Hilde, with Love",7.0,935,125,history
Chhava,8.5,2200,51,history
Golden Kamuy,6.3,2600,127,history
Louise Violet,6.6,218,108,history
Shirley,6.2,3300,117,history
In Her Place,6.2,1500,96,history
The Damned,5.4,871,89,history
Bibi Rajni,8.5,723,143,history
Quisling: The Final Days,7.1,1100,146,history
Chandu Champion,7.8,34000,142,history
The Last Front,5.5,615,98,history
Witch,4.9,1400,107,history
Maidaan,7.9,23000,181,history
Gloria!,6.6,995,106,history
Thangalaan,6.6,6600,156,history
The Commandant's Shadow,7.3,1100,103,history
"Love, Courage and the Battle of Bushy Run",5.0,183,113,history
Witches,7.4,1200,90,history
Unsinkable,5.8,141,100,history
The Ballad of Davy Crockett,4.6,248,96,history
Einstein and the Bomb,6.2,4000,76,history
Atatürk II: 1881-1919,8.9,2100,141,history
Kingdom 4: Return of the Great General,7.1,1300,145,history
Janis Ian: Breaking Silence,8.1,58,114,history
Apollo 13: Survival,7.3,2400,98,history
Operation Undead,4.7,409,110,history
Conquer: Lahad Datu,6.6,520,120,history
The Great Ambition,7.2,721,123,history
Kupu-Kupu Kertas,6.5,194,113,history
Shivrayancha Chhava,7.1,415,80,history
Warrior Awang and Master Tok Gajah,4.6,476,118,history
Color of Victory,6.1,40000,157,history
Dharmarakshak Mahaveer Chhatrapati Sambhaji Maharaj,8.1,661,174,history
Ka Whawhai Tonu,7.3,179,115,history
Six Days in August,6.3,124,120,history
Gladiators,4.8,67,95,history
Never Alone,7.2,427,85,history
Battlefield,6.2,678,104,history
Razakar: The Silent Genocide of Hyderabad,7.4,5300,166,history
Taghiev: Oil,9.2,72,120,history
The Kingdom,7.7,93,133,history
Meeting with Pol Pot,6.4,386,112,history
House of Ga'a,3.9,489,119,history
Apocalypse in the Tropics,7.5,94,110,history
America's Burning,5.8,97,83,history
Something to Stand for with Mike Rowe,8.7,289,96,history
Ae Watan Mere Watan,4.7,1400,133,history
Die Ermittlung: Oratorium in 11 Gesängen,7.6,164,241,history
Lula,5.6,186,90,history
Vindication Swim,6.0,210,98,history
Kasoombo,8.2,634,156,history
Ahl Al Kahf,5.3,266,120,history
The Volunteers: The Battle of Life and Death,6.2,233,144,history
ABBA: Against the Odds,7.4,416,90,history
Silver Star,7.1,16,102,history
Jorge da Capadócia,6.4,134,119,history
Sucha Soorma,6.4,918,136,history
Blood'less' Revolution,6.7,289,103,history
Red Poppies,4.7,300,122,history
From Darkness to Light,7.4,175,108,history
Gangs of Godavari,5.0,909,165,history
The Shadow,6.5,265,90,history
Panjab Files,8.2,20,117,history
Gadera,5.1,50,108,history
Landesverräter,5.9,104,112,history
Bir Cumhuriyet Sarkisi,7.7,387,128,history
Housewife of the Year,7.5,52,81,history
Ennio Doris - C'è anche domani,5.2,102,90,history
Mysteries of the Terracotta Warriors,6.7,1600,77,history
Patrice: The Movie,8.3,229,102,history
Death Game,6.3,24,88,history
Memoir Seorang Guru,7.1,125,120,history
"Carville: Winning Is Everything, Stupid",7.2,269,98,history
Boat,5.4,1000,126,history
Lisabi: The Uprising,6.1,125,107,history
Sadik Ahmet,7.7,414,125,history
Bardejov,4.8,177,85,history
Mustafa,6.9,73,75,history
The Embers,6.3,104,162,history
This Is the Goat!,5.3,287,100,history
Accident or Conspiracy: Godhra,7.4,783,133,history
Simona Kossak,6.1,323,100,history
Yatra 2,6.3,9700,132,history
Komandir,6.4,523,131,history
Quo Vadis,6.6,508,90,history
Vremya vernutsya,6.9,15,100,history
Yakamoz,6.5,16,96,history
Six Nine Five (695),7.1,705,137,history
Obraz,7.6,17,95,history
Hakkenden,5.8,76,149,history
Chernyy zamok,7.9,19,115,history
Bach - Ein Weihnachtswunder,6.2,168,89,history
Solos en la noche,5.8,98,88,history
Hope of Escape,7.7,41,91,history
Aquarius,6.6,21,75,history
"True Chronicles of the Blida Joinville Psychiatric Hospital in the Last Century, when Dr Frantz Fanon Was Head of the Fifth Ward between 1953 and 1956",7.2,29,90,history
Village of Death: Oradour-sur-Glane 1944,7.8,15,58,history
"Zeme, kas dzied",6.4,76,150,history
Who Killed Lawrence of Arabia?,6.5,32,100,history
Zhi Ci Qing Lv,6.7,49,89,history
Giannis in the Cities,6.8,25,90,history
Cândido,6.3,61,99,history
Powstaniec 1863,5.4,139,115,history
Wilhelm Gustloff,8.7,8,110,history
Cinta Dari Timor,5.3,23,82,history
Bloodspawn,5.7,12,76,history
I am Al Ittihad,4.9,228,90,history
Ray of Hope,7.0,10,105,history
Operation Star,7.7,24,102,history
Atomic People,8.3,105,90,history
Sragaal,8.4,19,140,history
Manyunya. Priklyucheniya v derevne,5.8,121,84,history
Ett hjärta är alltid rött,7.1,395,103,history
Guadalupe: Mother of Humanity,7.1,39,102,history
Meet the Roman Emperor with Mary Beard,7.7,45,59,history
Le choix du pianiste,5.8,12,106,history
The Fall of 2008,7.7,11,61,history
Manyunya. Priklyucheniya v Moskve,5.8,111,87,history
Iyunskaya polyn,8.5,6,79,history
Myall Creek Day of Justice,6.4,17,78,history
Ecce Homo Brâncoveanu,7.0,165,92,history
Bröderna Andersson,7.2,99,84,history
All or Nothin',8.0,32,95,history
Ainda Somos os Mesmos,5.8,45,90,history
Lafran,8.2,15,99,history
Lulu in Turin,8.5,6,76,history
Tayna Chyornoy Ruki,5.7,23,84,history
Paul Anka: His Way,7.3,11,100,history
Drama 1882,9.2,19,45,history
Pol Pot Dancing,7.1,14,102,history
The Birth of Korea,4.9,130,101,history
North Korea: Dark Secrets,5.8,81,79,history
Churchill's Forgotten War,7.8,12,47,history
"Colón ADN, su verdadero origen",6.4,51,106,history
Nebesko,5.2,10,73,history
Ek Chilte Jol,9.3,12,119,history
Pirates & Slaves,5.8,6,53,history
The Man Outside,7.6,11,70,history
Last Flamingo of the Red Summer Sunset,8.8,13,80,history
Azerbaijan Atabeyler,7.6,5,100,history
Silence in Sikeston,7.0,14,56,history
Xun zhao tang de zhang,7.8,16,93,history
Die Mutigen 56 - Deutschlands längster Streik,6.6,10,90,history
C'era una volta il Derby Club,7.4,17,90,history
Los indomables,6.5,9,106,history
Sinhabahu,6.5,86,112,history
Krigsvarsleren,7.8,8,55,history
Piri Reis: The Incredible Chart,6.9,22,138,history
Triumf,7.3,9,113,history
On Moral Grounds,8.4,7,74,history
"Georges Pompidou, la cruauté du pouvoir",6.5,7,104,history
Fast Track: Taking on the Speedway,9.5,9,35,history
The Canal Map of Britain,6.8,10,59,history
